year,hours,minutes,precipitation,rain,sleet,snow,temp,apparent_temp,Nights
2015,70.0,4122.5,0.2805833333333332,0.27984999999999993,0.0,0.0007333333333333332,39.412416666666665,39.28067857142859,17.5
2016,92.0,5374.583333333333,0.2776916666666668,0.2650833333333334,0.0014666666666666665,0.011141666666666668,41.768396739130424,41.696911231884044,23.0
2017,46.0,2658.5,0.07587499999999998,0.07587499999999998,0.0,0.0,49.908931159420305,49.88878623188407,11.5
2018,84.0,4869.083333333333,0.35061666666666663,0.34765,0.0011833333333333333,0.001783333333333333,46.16253968253964,46.15820436507934,21.0
2019,67.83333333333333,3862.1666666666665,0.20645833333333344,0.20645833333333344,0.0,0.0,42.555933660933704,41.36212530712532,16.5
